Landroid/app/Service;->onDestroy
Landroid/app/Service;-><init>
Landroid/app/Service;->onCreate
Landroid/content/Context;->startService
Landroid/content/Context;->getFilesDir
Landroid/content/Context;->openFileOuput
Landroid/content/Context;->getApplicationInfo
Landroid/content/Intent;->setDataAndType
Landroid/app/ActivityManager;->getRunningServices
Landroid/app/ActivityManager;->getMemoryInfo
Landroid/app/ActivityManager;->restartPackage
Landroid/content/pm/PackageManager;->getInstalledPackages
Landroid/telephony/gsm/SmsManager;->sendTextMessage
Landroid/telephony/SmsManager;->sendTextMessage
Landroid/telephony/TelephonyManager;->getSubscriberId
Landroid/telephony/TelephonyManager;->getDeviceId
Landroid/telephony/TelephonyManager;->getLine1Number
Landroid/telephony/TelephonyManager;->getSimSerialNumber
Landroid/telephony/TelephonyManager;->getNetworkOperator
Landroid/telephony/TelephonyManager;->getCellLocation
Ldalvik/system/DexClassLoader;->loadClass
Ljava/lang/Runtime;->exec
Ljava/lang/Runtime;->loadLibrary
Ljava/lang/System;->loadLibrary
Ljava/lang/Process;->getOutputStream
Landroid/net/ConnectivityManager;->getNetworkInfo
Landroid/net/NetworkInfo;->getExtraInfo
Landroid/net/NetworkInfo;->getTypeName
Landroid/net/NetworkInfo;->isConnected
Landroid/net/NetworkInfo;->getState
Landroid/net/wifi/WifiManager;->setWifiEnabled
Landroid/net/wifi/WifiManager;->getWifiState
Ljava/net/HttpURLConnection;->setRequestMethod
Ljava/net/HttpURLConnection;->getInputStream
Ljava/net/HttpURLConnection;->getOutputStream
Ljava/net/Socket;->getInputStream
Ljava/net/Socket;->getOutputStream
Ljava/android/os/Handler;->sendMessage
Ljava/android/os/Handler;->obtainMessage
Landroid/os/Process;->myPid
Landroid/os/Process;->killProcess
Ljava/util/Timer;-><init>
Ljava/util/TimerTask;-><init>
Ljava/io/DataOutputStream;->writeBytes
Ljava/io/DataOutputStream;->flush
Ljava/io/DataInputStream;->readlines
Ljava/io/DataInputStream;->available
Ljava/io/FileOutputStream;->write
Ljava/io/FileOutputStream;->waitFor
Ljava/io/File;->mkdir
Ljava/io/File;->delete
Ljava/io/File;->exists
Ljava/io/File;->listFiles
Ljava/lang/String;->indexOf
Ljava/lang/String;->getBytes
Ljava/lang/String;->valueOf
Ljava/lang/String;->replaceAll
Ljava/lang/StringBuilder;->append
Ljava/lang/StringBuilder;->indexOf
Ljava/lang/StringBuffer;->append
Ljava/lang/StringBuffer;->indexOf
Ljava/util/zip/ZipInputStream;->close
Ljava/util/zip/ZipInputStream;->getNextEntry
Ljava/util/zip/ZipInputStream;->closeEntry
Ljava/util/zip/ZipInputStream;->read
Ljavax/crypto/Cipher;->getInstance
Ljavax/crypto/Cipher;->doFinal
Ljavax/crypto/spec;->DESKeySpec
Lorg/w3c/dom/Document;->getDocumentElement
Lorg/w3c/dom/Document;->getElementsByTagName
